{
  "beat_count": 0,
  "last_beat": null,
  "interaction_count": 11,
  "focus_level": "high",
  "interactions": [
    1772565119.34335,
    1772585554.610846,
    1772592993.817803,
    1772593038.254286,
    1772596966.6736388,
    1772597511.909889,
    1772603061.722538,
    1772603331.11668,
    1772603331.119947,
    1772603463.853261,
    1772632874.318452,
    1772633003.405302,
    1772633246.582224,
    1772633344.399124,
    1772633479.210072,
    1772639778.75346,
    1772641016.855909,
    1772641347.014654,
    1772641535.6994188,
    1772642431.7535942,
    1772642658.171885
  ]
}