{"import_museon.agent.brain": [0.004509708996920381, 0.0024972090031951666], "import_museon.gateway.server": [0.17476375000114786, 0.11898170800122898], "import_museon.gateway.message": [0.000990833003015723, 0.0009508329967502505], "import_museon.core.event_bus": [0.00020591600332409143, 0.00021033400116721168], "import_museon.core.data_bus": [0.0005596250048256479, 0.0003662919989437796], "import_museon.pulse.pulse_db": [0.002214542000729125, 0.0020230000009178184], "import_museon.pulse.pulse_engine": [0.009385874996951316, 0.0002919170001405291], "import_museon.memory.memory_manager": [0.0006042500026524067, 0.0004883340006927028], "import_museon.agent.skill_router": [0.002540125002269633, 0.00013270799536257982], "import_museon.governance.governor": [0.006372750001901295, 0.004730583998025395], "import_museon.agent.knowledge_lattice": [0.011560082995856646, 0.0013059170014457777], "import_museon.agent.metacognition": [0.0003647499979706481, 0.00015862500004004687]}