{
  "status": "done",
  "generated_at": "2026-03-19T05:06:05.590876+08:00",
  "explorations_analyzed": 34,
  "connections": [
    {
      "exploration_a": {
        "id": 2,
        "topic": "深入研究「向量資料庫在 AI agent 記憶系統中的最佳實踐」的實際應用案例與最新進展"
      },
      "exploration_b": {
        "id": 1,
        "topic": "向量資料庫在 AI agent 記憶系統中的最佳實踐"
      },
      "overlap_score": 0.333,
      "shared_concepts": [
        "資料庫",
        "資料",
        "記憶",
        "agent",
        "量資"
      ]
    },
    {
      "exploration_a": {
        "id": 4,
        "topic": "深入研究「AI 系統自主目標設定的最新研究」的實際應用案例與最新進展"
      },
      "exploration_b": {
        "id": 3,
        "topic": "AI 系統自主目標設定的最新研究"
      },
      "overlap_score": 0.29,
      "shared_concepts": [
        "目標",
        "系統",
        "主目標",
        "主目",
        "設定"
      ]
    },
    {
      "exploration_a": {
        "id": 32,
        "topic": "向量資料庫在 AI agent 記憶系統中的最佳實踐"
      },
      "exploration_b": {
        "id": 2,
        "topic": "深入研究「向量資料庫在 AI agent 記憶系統中的最佳實踐」的實際應用案例與最新進展"
      },
      "overlap_score": 0.25,
      "shared_concepts": [
        "資料庫",
        "資料",
        "記憶",
        "量資",
        "料庫"
      ]
    },
    {
      "exploration_a": {
        "id": 32,
        "topic": "向量資料庫在 AI agent 記憶系統中的最佳實踐"
      },
      "exploration_b": {
        "id": 1,
        "topic": "向量資料庫在 AI agent 記憶系統中的最佳實踐"
      },
      "overlap_score": 0.25,
      "shared_concepts": [
        "資料庫",
        "資料",
        "記憶",
        "量資",
        "料庫"
      ]
    }
  ],
  "contradictions": [],
  "blind_spots": [
    "企業"
  ],
  "reweighted_crystals": {
    "KL-HYP-0282": 0.501,
    "KL-HYP-0320": 0.36300000000000004,
    "KL-HYP-0321": 0.35700000000000004,
    "KL-LES-0091": 0.42500000000000004,
    "KL-HYP-0329": 0.42300000000000004,
    "KL-LES-0092": 0.42500000000000004,
    "KL-LES-0093": 0.43100000000000005,
    "KL-LES-0094": 0.43699999999999994,
    "KL-LES-0095": 0.43100000000000005,
    "KL-LES-0096": 0.44899999999999995,
    "KL-LES-0097": 0.44899999999999995,
    "KL-LES-0098": 0.42500000000000004,
    "KL-HYP-0354": 0.375,
    "KL-LES-0099": 0.42500000000000004,
    "KL-INS-0088": 0.591,
    "KL-LES-0100": 0.42500000000000004,
    "KL-LES-0101": 0.44899999999999995,
    "KL-LES-0102": 0.42500000000000004,
    "KL-LES-0103": 0.43100000000000005,
    "KL-HYP-0373": 0.40700000000000003,
    "KL-INS-0106": 0.7605,
    "KL-INS-0110": 0.7715,
    "KL-HYP-0391": 0.35700000000000004,
    "KL-HYP-0397": 0.35700000000000004,
    "KL-INS-0128": 0.9405,
    "KL-INS-0131": 0.8150000000000001,
    "KL-INS-0143": 0.8255,
    "KL-HYP-0430": 0.34700000000000003,
    "KL-INS-0145": 0.587,
    "KL-HYP-0434": 0.365,
    "KL-INS-0149": 0.8150000000000001,
    "KL-INS-0150": 0.805,
    "KL-HYP-0444": 0.41100000000000003,
    "KL-HYP-0476": 0.647,
    "KL-INS-0196": 0.725,
    "KL-LES-0160": 0.4325,
    "KL-INS-0197": 0.72,
    "KL-INS-0202": 0.7424999999999999,
    "KL-INS-0203": 0.7374999999999999
  },
  "summary": "發現 4 個概念交叉，最強連結：「深入研究「向量資料庫在 AI agent」↔「向量資料庫在 AI agent 記憶系統」（相似度 0.333）；飽和叢集（已過度探索）：企業；更新了 39 個結晶的共振指數"
}