{
  "status": "done",
  "generated_at": "2026-03-17T13:10:32.596939+08:00",
  "explorations_analyzed": 12,
  "connections": [
    {
      "exploration_a": {
        "id": 2,
        "topic": "深入研究「向量資料庫在 AI agent 記憶系統中的最佳實踐」的實際應用案例與最新進展"
      },
      "exploration_b": {
        "id": 1,
        "topic": "向量資料庫在 AI agent 記憶系統中的最佳實踐"
      },
      "overlap_score": 0.333,
      "shared_concepts": [
        "資料",
        "料庫",
        "量資",
        "量資料",
        "向量資"
      ]
    },
    {
      "exploration_a": {
        "id": 4,
        "topic": "深入研究「AI 系統自主目標設定的最新研究」的實際應用案例與最新進展"
      },
      "exploration_b": {
        "id": 3,
        "topic": "AI 系統自主目標設定的最新研究"
      },
      "overlap_score": 0.29,
      "shared_concepts": [
        "設定",
        "自主",
        "主目",
        "目標",
        "主目標"
      ]
    }
  ],
  "contradictions": [],
  "blind_spots": [],
  "reweighted_crystals": {
    "KL-HYP-0282": 0.4985,
    "KL-HYP-0320": 0.36050000000000004,
    "KL-HYP-0321": 0.35450000000000004,
    "KL-LES-0091": 0.42250000000000004,
    "KL-HYP-0329": 0.42050000000000004,
    "KL-LES-0092": 0.42250000000000004,
    "KL-LES-0093": 0.42850000000000005,
    "KL-LES-0094": 0.4345,
    "KL-LES-0095": 0.42850000000000005,
    "KL-LES-0096": 0.4465,
    "KL-LES-0097": 0.4465,
    "KL-LES-0098": 0.42250000000000004,
    "KL-HYP-0354": 0.3725,
    "KL-LES-0099": 0.42250000000000004,
    "KL-INS-0088": 0.5884999999999999,
    "KL-LES-0100": 0.42250000000000004,
    "KL-LES-0101": 0.4465,
    "KL-LES-0102": 0.42250000000000004,
    "KL-LES-0103": 0.42850000000000005,
    "KL-INS-0106": 0.7605,
    "KL-INS-0110": 0.7715,
    "KL-HYP-0391": 0.35450000000000004,
    "KL-HYP-0397": 0.35450000000000004,
    "KL-INS-0128": 0.9405,
    "KL-INS-0143": 0.8015,
    "KL-HYP-0430": 0.34700000000000003,
    "KL-INS-0145": 0.557,
    "KL-INS-0150": 0.751,
    "KL-HYP-0444": 0.3725
  },
  "summary": "發現 2 個概念交叉，最強連結：「深入研究「向量資料庫在 AI agent」↔「向量資料庫在 AI agent 記憶系統」（相似度 0.333）；更新了 29 個結晶的共振指數"
}